INDEX,UTC,AIRMASS,FILTER,TELFOCUS,HUMIDITY,TEMPERATURE,RA,DEC,ALT,AZ,GAMMA_X,FWHM_X,ERR_X,GAMMA_Y,FWHM_Y,ERR_Y,ALPHA,PHI,NSOURCES,DX,DY
20231003_1067,2023-10-03T18:59:06.360000,1.46670,R,13702,33.5,14.1,20 31 14.30,-10 32 05.9,42.92024649589457,141.45610281977687,9.999999999999998,15.328418730817592,5.782752345029676,9.999999999999998,15.328418730817592,3.074077510554069,1.5000000000000002,-125.78583832079096,3,0.0,0.0
